Nome Comercial,Equipe,Diretor,Empresa,Tipo CRECI,CRECI,Cargo
Alberto,Anselmo,Renan,Tegra SP,Definitivo,099.387-F,Corretor(a) salão
Alexsandra,Gabriel,Renan,Tegra SP,Definitivo,303.557-F,Corretor(a) salão
Alves,Danilo,Renan,Tegra SP,Definitivo,221.168-F,Corretor(a) Online
Amora,Kim,Renan,Tegra SP,Definitivo,078.793-F,Corretor(a) salão
Analu,Cazarim,Renan,Tegra SP,Definitivo,190.909-F,Corretor(a) salão
Aline,Cazarim,Renan,Tegra SP,Definitivo,295.643-F,Corretor(a) salão
Antonia,Wislane,Renan,Tegra SP,Definitivo,174.741-F,Corretor(a) salão
Arabela,Wislane,Renan,Tegra SP,Definitivo,264.977-F,Corretor(a) salão
Arcade,Danilo,Renan,Tegra SP,Definitivo,158.755-F,Corretor(a) salão
Arnon,Cazarim,Renan,Tegra SP,Definitivo,295.007-F,Corretor(a) salão
Ashley,Anselmo,Renan,Tegra SP,Definitivo,254.373-F,Corretor(a) salão
Aurora,Anselmo,Renan,Tegra SP,Definitivo,289.021-F,Corretor(a) salão
Barba,Kim,Renan,Tegra SP,Definitivo,233.200-F,Corretor(a) salão
Bariloche,Wislane,Renan,Tegra SP,Definitivo,221.681-F,Corretor(a) Online
Benedito,Gustavo,Renan,Tegra SP,Definitivo,218.910-F,Corretor(a) salão
Belisario,Gabriel,Renan,Tegra SP,Definitivo,182.509-F,Corretor(a) salão
Bia,Gabriel,Renan,Tegra SP,Definitivo,,Corretor(a) salão
Biel,Gabriel,Renan,Tegra SP,Definitivo,177.006-F,Corretor(a) salão
Brunette,Kim,Renan,Tegra SP,Definitivo,,Corretor(a) salão
Caetano,Wislane,Renan,Tegra SP,Definitivo,144.824-F,Corretor(a) salão
Cardim,Anselmo,Renan,Tegra SP,Definitivo,145.02-F,Corretor(a) Online
Cassidori,Gabriel,Renan,Tegra SP,Definitivo,242.625 - F,Corretor(a) salão
Chaya,Cazarim,Renan,Tegra SP,Definitivo,227.779-F,Corretor(a) Online
Cristal,Anselmo,Renan,Tegra SP,Definitivo,164.747-F,Corretor(a) salão
Daniel,Anselmo,Renan,Tegra SP,Definitivo,210.445-F,Corretor(a) salão
Damasco,Gabriel,Renan,Tegra SP,Definitivo,260.840-F,Corretor(a) salão
Denise,Anselmo,Renan,Tegra SP,Definitivo,242.364-F,Corretor(a) salão
Dias,Anselmo,Renan,Tegra SP,Definitivo,074.381-F,Corretor(a) salão
Drika,Wislane,Renan,Tegra SP,Definitivo,240.997-F,Corretor(a) salão
Enzo,Wislane,Renan,Tegra SP,Definitivo,223.420-F,Corretor(a) salão
Furlan,Kim,Renan,Tegra SP,Definitivo,304.816-F,Corretor(a) salão
Galdino,Anselmo,Renan,Tegra SP,Definitivo,118.531-F,Corretor(a) Online
Gelasio,Gabriel,Renan,Tegra SP,Definitivo,232.492-F,Corretor(a) salão
Guilherme,Danilo,Renan,Tegra SP,Estagiário,123.456-E,
Globz,Cazarim,Renan,Tegra SP,Definitivo,217.171-F,Corretor(a) salão
Helena,Wislane,Renan,Tegra SP,Estagiário,123.456-F,Corretor(a) salão
Hilton,Cazarim,Renan,Tegra SP,Definitivo,224.358-F,Corretor(a) salão
Jeniffer,Cazarim,Renan,Tegra SP,Definitivo,209.108-F,Corretor(a) Online
Joelma,Kim,Renan,Tegra SP,Definitivo,191.454-F,Corretor(a) salão
Joice,Demetrius,Renan,Tegra SP,Definitivo,200.297-F,Corretor(a) salão
Josue,Danilo,Renan,Tegra SP,Definitivo,192.006-F,Corretor(a) salão
Katio,Anselmo,Renan,Tegra SP,Definitivo,169.506-F,Corretor(a) salão
Lais,Gabriel,Renan,Tegra SP,Definitivo,,Corretor(a) Online
Lazzati,Cazarim,Renan,Tegra SP,Definitivo,319.110-F,Corretor(a) salão
Laura,Wislane,Renan,Tegra SP,Definitivo,312.476-F,Corretor(a) salão
Leonora,Cazarim,Renan,Tegra SP,Definitivo,121.681-F,Corretor(a) salão
Lira,Wislane,Renan,Tegra SP,Definitivo,123.456 E,Corretor(a) salão
Lobo,Anselmo,Renan,Tegra SP,Definitivo,233.226-F,Corretor(a) salão
Lotus,Cazarim,Renan,Tegra SP,Definitivo,234.260-F,Corretor(a) salão
Lucy,Danilo,Renan,Tegra SP,Definitivo,121.413-F,Corretor(a) salão
Luma,Wislane,Renan,Tegra SP,Definitivo,214.927-F,Corretor(a) salão
Lutela,Cazarim,Renan,Tegra SP,Definitivo,149.726-F,Corretor(a) salão
Lurdes,Wislane,Renan,Tegra SP,Definitivo,150.626-F,Corretor(a) Online
Madri,Danilo,Renan,Tegra SP,Definitivo,181.002-F,Corretor(a) salão
Magalhaes,Wislane,Renan,Tegra SP,Definitivo,174.762-F,Corretor(a) salão
Maite,Anselmo,Renan,Tegra SP,Definitivo,270.025-F,Corretor(a) salão
Maranata,Amaral,Renan,Tegra SP,Definitivo,167.720-F,Corretor(a) salão
Marcato,Wislane,Renan,Tegra SP,Definitivo,,Corretor(a) salão
Marinela,Wislane,Renan,Tegra SP,Definitivo,127.605-F,Corretor(a) Online
Millian,Cazarim,Renan,Tegra SP,Definitivo,215.783-F,Corretor(a) Online
Midori,Wislane,Renan,Tegra SP,Definitivo,127.341-F,Corretor(a) Online
Monara,Cazarim,Renan,Tegra SP,Definitivo,192.223-F,Corretor(a) salão
Nair,Cazarim,Renan,Tegra SP,Definitivo,186.958-F,Corretor(a) salão
Nanda,Gabriel,Renan,Tegra SP,Definitivo,,Corretor(a) Online
Neuma,Anselmo,Renan,Tegra SP,Definitivo,259.709-F,Corretor(a) salão
Nina,Wislane,Renan,Tegra SP,Definitivo,285.417-F,Corretor(a) salão
Ortega,Gabriel,Renan,Tegra SP,Definitivo,095.901-F,Corretor(a) salão
Paz,Cazarim,Renan,Tegra SP,Estagiário,123.456-F,Corretor(a) salão
Penelope,Gurgel,Renan,Tegra SP,Definitivo,135.564-F,Corretor(a) salão
Ponce,Kim,Renan,Tegra SP,Definitivo,119.838-F,Corretor(a) salão
Prado,Wislane,Renan,Tegra SP,Definitivo,231.975-F,Corretor(a) Online
Prina,Cazarim,Renan,Tegra SP,Definitivo,121.473-F,Corretor(a) salão
Profeta,Anselmo,Renan,Tegra SP,Definitivo,201.580-F,Corretor(a) salão
Alexandre,Danilo,Renan,Tegra SP,Definitivo,161.865-F,Corretor(a) Online
Railton,Danilo,Renan,Tegra SP,Definitivo,251.031-F,Corretor(a) Online
Sabrina,Wislane,Renan,Tegra SP,Definitivo,209.905-F,Corretor(a) salão
Sanches,Cazarim,Renan,Tegra SP,Definitivo,130.717-F,Corretor(a) salão
Sheila,Gurgel,Renan,Tegra SP,Definitivo,251.421-F,Corretor(a) Online
Paola,Wislane,Renan,Tegra SP,Definitivo,284.754-F,Corretor(a) salão
Santos,Wislane,Renan,Tegra SP,Definitivo,300.552-F,Corretor(a) salão
Suzete,Anselmo,Renan,Tegra SP,Definitivo,114.585-F,Corretor(a) salão
Wagner,Wislane,Renan,Tegra SP,Definitivo,297.586-F,Corretor(a) salão
Telma,Wislane,Renan,Tegra SP,Definitivo,118.559-F,Corretor(a) salão
Tessaro,Wislane,Renan,Tegra SP,Definitivo,260.322-F,Corretor(a) salão
Tiao,Kim,Renan,Tegra SP,Definitivo,184.911-F,Corretor(a) salão
Tina,Anselmo,Renan,Tegra SP,Definitivo,303.646-F,Corretor(a) salão
Tulio,Wislane,Renan,Tegra SP,Definitivo,224.279-F,Corretor(a) salão
Turmalina,Danilo,Renan,Tegra SP,Definitivo,224.279-F,Corretor(a) salão
Valeria,Anselmo,Renan,Tegra SP,Definitivo,193.714-F,Corretor(a) salão
Vaz,Wislane,Renan,Tegra SP,Estagiário,123.456-E,Corretor(a) salão
Veri,Gabriel,Renan,Tegra SP,Definitivo,132.226-F,Corretor(a) salão
Viana,Anselmo,Renan,Tegra SP,Definitivo,118.354-F,Corretor(a) salão
Vicente,Anselmo,Renan,Tegra SP,Definitivo,118.354-F,Corretor(a) salão
Violeta,Cazarim,Renan,Tegra SP,Definitivo,130.893-F,Corretor(a) salão
Wagner,Wislane,Renan,Tegra SP,Definitivo,297.586-F,Corretor(a) salão
