Fonte,Evento,Data,Período,N,Posições físicas ocupadas,Nº1 físico,Nº1 ordem efetiva,Nº2 físico,Nº2 ordem efetiva,Cortesia físico,Cortesia ordem efetiva,Último físico,Último ordem efetiva,Qualidade,Observação
Roleta Agosto Setembro.pdf,P01,03/09/2026,desconhecido,23,"1,2,3,4,5,6,7,8,9,10,11,12,13,14,15,16,17,18,19,20,21,22,23",17,17,22,22,12,12,19,19,A,
Roleta Agosto Setembro.pdf,P02,01/09/2025,desconhecido,17,"1,2,3,4,5,6,7,8,9,10,11,12,13,14,16,17,21",17,16,11,11,7,7,14,14,A,Data escrita no formulário: 01/09/25.
Roleta Agosto Setembro.pdf,P03,31/08/2026,tarde,22,"1,2,3,4,5,6,7,8,9,10,11,12,13,14,15,16,17,18,19,21,22,23",3,3,21,20,12,12,2,2,A,
Roleta Agosto Setembro.pdf,P04,03/09/2026,tarde,30,"1,2,3,4,5,6,7,8,9,10,11,12,14,15,16,17,18,19,20,21,22,23,24,25,26,27,28,29,30,31",12,12,5,5,10,10,1,1,A,
Roleta Agosto Setembro.pdf,P05,24/08/2026,tarde,25,"1,2,3,4,5,6,7,8,9,10,11,12,13,14,15,16,17,18,19,20,21,22,23,24,25",22,22,16,16,12,12,18,18,A,
Roleta Agosto Setembro.pdf,P06,02/09/2026,tarde,33,"1,2,3,4,5,6,7,8,9,10,11,12,13,14,15,16,17,18,19,20,21,22,23,24,25,26,27,28,29,30,31,32,33",19,19,25,25,26,26,27,27,A,
Roleta Agosto Setembro.pdf,P08,28/08/2026,tarde,17,"1,2,3,4,5,6,7,8,9,10,11,12,13,14,15,16,17",17,17,6,6,3,3,4,4,A,
Roleta Agosto Setembro.pdf,P09,28/08/2026,desconhecido,11,"1,2,3,4,5,6,7,8,9,10,11",10,10,6,6,5,5,3,3,A,
Roleta Agosto Setembro.pdf,P10,não preenchida,desconhecido,16,"1,2,3,4,5,6,7,8,10,11,12,13,14,15,16,17",15,14,10,9,4,4,6,6,A,
Roleta Agosto Setembro.pdf,P11,30/08/2026,integral,30,"1,2,3,4,5,6,7,8,9,10,11,12,13,14,15,16,17,18,19,20,21,22,23,24,25,26,27,28,29,30",12,12,23,23,14,14,21,21,A,
Roleta Agosto Setembro.pdf,P12,26/08/2026,desconhecido,20,"1,2,3,4,5,6,7,8,9,10,11,12,13,14,15,16,17,18,19,20",9,9,7,7,17,17,16,16,A,
Roleta Agosto Setembro.pdf,P13,não preenchida,tarde,28,"1,2,3,4,5,7,8,9,10,11,12,13,14,15,16,17,18,19,20,21,22,23,24,25,26,27,28,29",19,18,5,5,18,17,22,21,A,
Roleta Agosto Setembro.pdf,P14,29/08/2026,integral,35,"1,2,3,4,5,6,7,8,10,11,12,13,14,15,16,17,18,19,20,21,22,23,24,25,26,27,28,29,30,31,32,33,34,35,36",17,16,33,32,32,31,27,26,A,
Roleta Agosto Setembro.pdf,P15,25/08/2026,tarde,26,"1,2,3,4,5,6,7,8,9,10,11,12,13,14,15,16,17,18,19,20,21,22,23,24,25,26",12,12,14,14,25,25,20,20,A,
Roleta Agosto Setembro.pdf,P16,25/08/2026,manha,22,"1,2,3,4,5,6,7,8,9,10,11,12,13,14,15,16,17,18,19,20,21,22",4,4,13,13,1,1,7,7,A,
Roleta Agosto Setembro.pdf,P17,01/09/2026,desconhecido,21,"1,2,3,4,5,6,7,8,9,10,11,12,13,14,15,16,17,18,19,20,21",12,12,1,1,2,2,6,6,A,
Roleta Agosto Setembro.pdf,P18,24/08/2026,manha,17,"1,2,3,4,5,6,7,8,9,10,11,12,13,14,15,16,17",14,14,11,11,5,5,7,7,A,
Roleta Agosto Setembro.pdf,P19,27/08/2026,tarde,22,"1,2,3,4,5,6,7,8,9,10,11,12,13,14,15,16,17,18,19,20,21,22",21,21,16,16,20,20,22,22,A,
Roleta Agosto Setembro.pdf,P20,02/09/2026,manha,27,"1,2,3,4,5,6,7,8,9,10,11,12,13,14,15,16,17,18,19,20,21,22,23,24,25,26,27",25,25,10,10,20,20,17,17,A,
Roleta Agosto Setembro.pdf,P21,08/09/2026,tarde,32,"1,2,3,4,5,6,7,8,9,10,11,12,13,14,15,16,17,18,19,20,21,22,23,24,25,26,27,28,29,30,31,32",18,18,5,5,17,17,22,22,A,
Roleta Agosto Setembro.pdf,P22,08/09/2026,manha,24,"1,2,3,4,5,6,7,8,9,10,11,12,13,14,15,16,17,18,19,20,21,22,23,24",24,24,21,21,5,5,19,19,A,
Roleta Agosto Setembro.pdf,P23,06/09/2026,manha,19,"1,2,3,4,5,6,7,8,9,10,11,12,13,14,15,16,17,18,19",5,5,2,2,19,19,4,4,A,
Roleta Agosto Setembro.pdf,P24,04/09/2026,desconhecido,12,"1,2,3,4,5,6,7,8,9,10,11,12",1,1,4,4,9,9,7,7,A,
Roleta Agosto Setembro.pdf,P25,16/09/2026,tarde,26,"1,2,3,4,5,6,7,8,9,10,11,12,13,14,15,16,17,18,19,20,21,22,23,24,25,26",12,12,25,25,6,6,18,18,A,
Roleta Agosto Setembro.pdf,P26,14/09/2026,tarde,18,"1,2,3,4,5,6,7,8,9,10,11,12,13,14,15,16,17,18",9,9,12,12,4,4,16,16,A,
Roleta Agosto Setembro.pdf,P27,14/09/2026,manha,9,"1,2,3,4,5,6,7,8,9",5,5,2,2,3,3,1,1,A,
Roleta Agosto Setembro.pdf,P28,10/09/2026,tarde,29,"1,2,3,4,5,6,7,8,9,10,11,12,13,14,15,16,17,18,19,20,21,22,23,24,25,26,27,28,29",28,28,5,5,15,15,25,25,A,
Roleta Agosto Setembro.pdf,P29,09/09/2026,tarde,32,"1,2,3,4,5,6,7,8,9,10,11,12,13,14,15,16,17,18,19,20,21,22,23,24,25,26,27,28,29,30,31,32",9,9,28,28,5,5,22,22,A,
Roleta Agosto Setembro.pdf,P30,não preenchida,desconhecido,22,"1,2,3,4,5,6,7,8,9,10,11,12,13,14,15,16,17,18,19,20,21,22",18,18,22,22,3,3,15,15,A,
Roleta Agosto Setembro.pdf,P31,13/09/2026,manha,25,"1,2,3,4,5,6,7,8,9,10,11,12,13,14,15,16,17,18,19,20,21,22,23,24,25",14,14,15,15,20,20,2,2,A,
Roleta Agosto Setembro.pdf,P32,15/09/2026,manha,17,"1,2,3,4,5,6,7,8,9,10,11,12,13,15,17,18,19",3,3,10,10,15,14,13,13,A,
Roleta Agosto Setembro.pdf,P33,15/09/2026,tarde,20,"1,2,3,4,5,6,7,8,9,10,11,12,13,14,15,16,17,18,19,20",4,4,15,15,17,17,3,3,A,
Roleta Agosto Setembro.pdf,P34,16/09/2026,manha,22,"1,2,3,4,5,6,7,8,9,10,11,12,13,14,15,16,17,18,19,20,21,22",14,14,20,20,21,21,3,3,A,
Roleta Agosto Setembro.pdf,P35,14/09/2026,manha,11,"1,2,3,4,5,6,7,8,9,10,11",4,4,11,11,5,5,9,9,A,
Roleta Agosto Setembro.pdf,P36,12/09/2026,integral,27,"1,2,3,4,5,6,7,8,9,10,11,12,13,14,15,16,17,18,19,20,21,22,23,24,25,26,27",3,3,14,14,18,18,9,9,A,
Roleta 17-09 a 20-09-26.pdf,17-09-M,17/09/2026,manha,18,"1,2,3,4,5,6,7,8,9,10,11,12,13,14,15,16,17,18",9,9,7,7,11,11,14,14,A,
Roleta 17-09 a 20-09-26.pdf,17-09-T,17/09/2026,tarde,20,"1,3,4,5,6,7,8,9,10,11,12,13,14,15,16,17,18,19,20,21",13,12,10,9,12,11,1,1,A,
Roleta 17-09 a 20-09-26.pdf,18-09-M,18/09/2026,manha,12,"3,4,5,6,7,8,9,10,11,12,13,14",5,3,14,12,11,9,3,1,A,
Roleta 17-09 a 20-09-26.pdf,18-09-T,18/09/2026,tarde,10,"2,4,5,6,7,8,9,10,11,12",7,5,11,9,12,10,9,7,A,
Roleta 17-09 a 20-09-26.pdf,19-09-I,19/09/2026,integral,23,"1,2,3,4,5,6,7,8,9,10,11,12,13,14,15,16,17,18,19,20,21,22,23",13,13,7,7,23,23,21,21,A,
Roleta 17-09 a 20-09-26.pdf,20-09-I,20/09/2026,integral,21,"1,2,3,4,5,6,7,8,9,10,11,12,13,14,15,16,17,18,19,20,21",4,4,13,13,19,19,8,8,A,
IMG_647...,24-09-M,24/09/2026,manha,21,"1,2,3,4,5,6,7,8,9,10,11,12,13,14,15,16,17,18,19,20,21",9,9,14,14,15,15,6,6,A,
IMG_0E5...,24-09-T,24/09/2026,tarde,28,"1,2,3,4,5,6,7,8,9,10,11,12,13,14,15,16,17,18,19,20,21,22,23,24,25,26,27,28",16,16,28,28,13,13,15,15,A,
roleta (project spreadsheet),13-04-M,13/04/2026,manha,19,"1,2,3,4,5,6,7,8,9,10,11,12,13,14,15,16,17,18,19",13,13,18,18,6,6,4,4,B,Estruturalmente reconciliado: permutação 1..19.
roleta (project spreadsheet),13-04-T,13/04/2026,tarde,32,"1,2,3,4,5,6,7,8,9,10,11,12,13,14,15,16,17,18,19,20,21,22,23,24,25,26,27,28,29,30,31,32",5,5,29,29,6,6,2,2,B,Estruturalmente reconciliado: permutação 1..32.
roleta (project spreadsheet),20-04,20/04/2026,desconhecido,27,"1,2,3,4,5,6,7,8,9,10,11,12,13,14,15,16,17,18,19,20,21,22,23,24,25,26,27",9,9,8,8,25,25,7,7,B,Estruturalmente reconciliado: permutação 1..27.
roleta (project spreadsheet),22-04-M,22/04/2026,manha,26,"1,2,3,4,5,6,7,8,9,10,11,12,13,14,15,16,17,18,19,21,22,23,24,25,26,27",9,9,18,18,23,22,12,12,B,Linha física 20 sem participante; demais resultados formam permutação 1..26.
IMG_1605.jpeg,25-09-T,25/09/2026,tarde,13,"1,2,3,4,5,6,7,8,9,10,11,13,14",13,12,8,8,9,9,6,6,A,Imagem conferida; linha 12 vazia. Permutação 1..13.
IMG_1604.jpeg,26-09-I,26/09/2026,integral,23,"1,2,3,4,5,6,7,8,9,10,11,12,13,14,15,16,17,18,19,20,21,22,23",1,1,20,20,5,5,14,14,A,Imagem conferida; permutação 1..23.
IMG_1603.jpeg,27-09-I,27/09/2026,integral,20,"1,2,3,4,5,6,7,8,9,10,11,12,13,14,15,16,17,18,19,20",12,12,11,11,6,6,8,8,A,Imagem conferida; permutação 1..20.
IMG_1630.jpeg,21-07-M,21/07/2025,manha,10,"1,2,3,4,5,6,7,8,9,10",6,6,2,2,10,10,3,3,A,Imagem conferida; permutação completa.
IMG_1633.jpeg,23-07-T,23/07/2025,tarde,19,"1,2,3,4,5,6,7,8,9,10,11,12,13,14,15,16,17,18,19",15,15,17,17,1,1,19,19,A,Imagem conferida; permutação completa.
IMG_1634.jpeg,26-07-M,26/07/2025,manha,22,"1,2,3,4,5,6,7,8,9,10,11,12,13,14,15,16,17,18,19,20,21,22",20,20,13,13,5,5,3,3,A,Imagem conferida; permutação completa.
IMG_1626.jpeg,04-08-M,04/08/2025,manha,15,"1,2,3,4,5,6,7,8,9,10,11,12,13,14,15",2,2,3,3,15,15,5,5,A,Imagem conferida; permutação completa.
IMG_1625.jpeg,04-08-T,04/08/2025,tarde,19,"1,2,3,4,5,6,7,8,9,10,11,12,13,14,15,16,17,18,19",9,9,7,7,8,8,3,3,A,Imagem conferida; linhas 1–19 formam permutação 1..19; anotação abaixo da barra excluída.
IMG_1628.jpeg,05-08-T,05/08/2025,tarde,26,"1,2,3,4,5,6,7,8,9,10,11,12,13,14,15,16,17,18,19,20,21,22,23,24,25,26",2,2,22,22,4,4,20,20,A,Imagem conferida; permutação completa.
IMG_1627.jpeg,06-08-M,06/08/2025,manha,24,"1,2,3,4,5,6,7,8,9,10,11,12,13,14,15,16,17,18,19,20,21,22,23,24",11,11,2,2,13,13,21,21,A,Imagem conferida; permutação completa.
IMG_1631.jpeg,10-08-I,10/08/2025,integral,17,"1,2,3,4,5,6,7,8,9,10,11,12,13,14,15,16,17",6,6,12,12,1,1,13,13,A,Imagem conferida; permutação completa.
IMG_1632.jpeg,14-08-M,14/08/2025,manha,24,"1,2,3,4,5,6,7,8,9,10,11,12,13,14,15,16,17,18,19,20,21,22,23,24",11,11,7,7,2,2,1,1,A,Imagem conferida; permutação completa.
IMG_1623.jpeg,28-07-M,28/07/2025,manha,8,"2,3,4,5,7,8,9,10",4,3,3,2,2,1,7,5,A,"Imagem conferida; posições físicas ocupadas 2,3,4,5,7,8,9,10; permutação 1..8."
IMG_1622.jpeg,29-07-M,29/07/2025,manha,19,"1,2,3,4,5,6,7,8,9,10,11,12,13,14,15,16,17,18,19",13,13,19,19,2,2,5,5,A,Imagem conferida; permutação completa.
IMG_1621.jpeg,30-07-M,30/07/2025,manha,18,"1,2,3,4,5,6,7,8,9,10,11,12,13,14,15,16,17,18",1,1,11,11,17,17,14,14,A,Imagem conferida; permutação completa.
IMG_1620.jpeg,02-08-I,02/08/2025,integral,21,"1,2,3,4,5,6,7,8,9,10,11,12,13,14,15,16,17,18,19,20,21",7,7,15,15,11,11,10,10,A,Imagem conferida; permutação completa.
IMG_1624.jpeg,09-08-M,09/08/2025,manha,16,"1,2,3,4,5,6,7,8,9,10,11,12,13,14,15,16",11,11,15,15,4,4,6,6,A,Imagem conferida; permutação completa.
IMG_1617.jpeg,13-08-M,13/08/2025,manha,26,"1,2,3,4,5,6,7,8,9,10,11,12,13,14,15,16,17,18,19,20,21,22,23,24,25,26",9,9,3,3,7,7,16,16,A,Imagem conferida; permutação completa.
IMG_1616.jpeg,13-08-T,13/08/2025,tarde,24,"1,2,3,4,5,6,7,8,9,10,11,12,13,14,15,16,17,18,19,20,21,22,23,24",16,16,23,23,5,5,13,13,A,Imagem conferida; permutação completa.
IMG_1614.jpeg,09-08-I,09/08/2025,integral,29,"1,2,3,4,5,6,7,8,9,10,11,12,13,14,15,16,17,18,19,20,21,22,23,24,25,26,27,28,29",22,22,15,15,7,7,24,24,A,Imagem conferida; permutação completa.
IMG_1613.jpeg,24-07-M,24/07/2025,manha,18,"1,2,3,4,5,6,7,8,9,10,11,12,13,14,15,16,17,18",14,14,17,17,15,15,5,5,A,Imagem conferida; permutação completa.
IMG_1612.jpeg,07-08-T,07/08/2025,tarde,20,"1,2,3,4,5,6,7,8,9,10,11,12,13,14,15,16,17,18,19,20",17,17,10,10,4,4,16,16,A,Imagem conferida; permutação completa.
IMG_1611.jpeg,06-08-T,06/08/2025,tarde,21,"1,2,3,4,5,6,7,8,9,10,11,12,13,14,15,16,17,18,19,20,21",6,6,16,16,20,20,11,11,A,Imagem conferida; permutação completa.
IMG_1610.jpeg,21-07-T,21/07/2025,tarde,16,"1,2,3,4,5,6,7,8,9,10,11,12,13,14,15,16",1,1,4,4,14,14,5,5,A,Imagem conferida; permutação completa.
IMG_1609.jpeg,28-09-M,28/09/2026,manha,13,"1,2,3,4,5,6,7,8,9,10,11,12,13",3,3,4,4,7,7,5,5,A,Imagem conferida; permutação completa.
IMG_1608.jpeg,28-09-T,28/09/2026,tarde,25,"1,2,3,4,5,6,7,8,9,10,11,12,13,14,15,16,17,18,19,20,21,22,23,24,25",18,18,6,6,16,16,2,2,A,Imagem conferida; permutação completa.
IMG_1635.jpeg,29-09-M,29/09/2026,manha,22,"1,2,3,4,5,6,7,8,9,10,11,12,13,14,15,16,17,18,19,20,21,22",4,4,17,17,10,10,6,6,A,Imagem conferida; permutação completa.
IMG_1636.jpeg,29-09-T,29/09/2026,tarde,28,"1,2,3,4,5,6,7,8,9,10,11,12,13,14,15,16,17,18,19,20,21,22,23,24,25,26,27,28",20,20,25,25,9,9,26,26,A,Imagem conferida; permutação completa.